{"cameraMode":{"drawMode":0,"name":"Shaded","section":"Shading Mode"},"sceneLighting":false,"audioPlay":false,"sceneViewState":{"m_AlwaysRefresh":false,"showFog":true,"showSkybox":false,"showFlares":true,"showImageEffects":true,"showParticleSystems":true,"showVisualEffectGraphs":true,"m_FxEnabled":true},"in2DMode":false,"pivot":{"x":715.8877563476563,"y":462.9314880371094,"z":-0.2210693359375},"rotation":{"x":0.0030031446367502214,"y":-0.0017664305632933975,"z":-0.0005292732967063785,"w":1.000111699104309},"size":445.51165771484377,"orthographic":false}