{"cameraMode":{"drawMode":0,"name":"Shaded","section":"Shading Mode"},"sceneLighting":false,"audioPlay":false,"sceneViewState":{"m_AlwaysRefresh":false,"showFog":true,"showSkybox":false,"showFlares":true,"showImageEffects":true,"showParticleSystems":true,"showVisualEffectGraphs":true,"m_FxEnabled":true},"in2DMode":false,"pivot":{"x":0.4572559893131256,"y":0.859718918800354,"z":0.561951220035553},"rotation":{"x":0.04047594591975212,"y":0.025476614013314248,"z":-0.0010327743366360665,"w":0.9988596439361572},"size":2.5778310298919679,"orthographic":false}