{"cameraMode":{"drawMode":0,"name":"Shaded","section":"Shading Mode"},"sceneLighting":false,"audioPlay":false,"sceneViewState":{"m_AlwaysRefresh":false,"showFog":true,"showSkybox":false,"showFlares":true,"showImageEffects":true,"showParticleSystems":true,"showVisualEffectGraphs":true,"m_FxEnabled":true},"in2DMode":false,"pivot":{"x":697.4089965820313,"y":426.1188659667969,"z":18.54949951171875},"rotation":{"x":0.006898676510900259,"y":0.0000015103148598427652,"z":-0.000002149602551071439,"w":0.9999768137931824},"size":439.4139709472656,"orthographic":false}