{"cameraMode":{"drawMode":0,"name":"Shaded","section":"Shading Mode"},"sceneLighting":false,"audioPlay":false,"sceneViewState":{"m_AlwaysRefresh":false,"showFog":true,"showSkybox":false,"showFlares":true,"showImageEffects":true,"showParticleSystems":true,"showVisualEffectGraphs":true,"m_FxEnabled":true},"in2DMode":false,"pivot":{"x":0.031328409910202029,"y":0.3450571894645691,"z":1.1920928955078126e-7},"rotation":{"x":-0.06086159870028496,"y":0.0005941876443102956,"z":-0.000031421979656443,"w":-0.9981423020362854},"size":0.24138258397579194,"orthographic":false}