{"cameraMode":{"drawMode":0,"name":"Shaded","section":"Shading Mode"},"sceneLighting":false,"audioPlay":false,"sceneViewState":{"m_AlwaysRefresh":false,"showFog":true,"showSkybox":false,"showFlares":true,"showImageEffects":true,"showParticleSystems":true,"showVisualEffectGraphs":true,"m_FxEnabled":true},"in2DMode":false,"pivot":{"x":2.7900989055633547,"y":1.8395079374313355,"z":-2.8173775672912599},"rotation":{"x":-0.10055828839540482,"y":-0.15633819997310639,"z":0.01600651815533638,"w":-0.982450544834137},"size":3.4900550842285158,"orthographic":false}